<?xml version="1.0" encoding="UTF-8"?>
<project-private xmlns="http://www.netbeans.org/ns/project-private/1">
    <editor-bookmarks xmlns="http://www.netbeans.org/ns/editor-bookmarks/2" lastBookmarkId="0"/>
    <open-files xmlns="http://www.netbeans.org/ns/projectui-open-files/2">
        <group>
            <file>file:/C:/Users/LAYBER/OneDrive/Faculdade/5_Semestre/Usabilidade%20e%20Interacao/DepositoBiel/src/ClientesVO.java</file>
            <file>file:/C:/Users/LAYBER/OneDrive/Faculdade/5_Semestre/Usabilidade%20e%20Interacao/DepositoBiel/src/ClientesView.java</file>
            <file>file:/C:/Users/LAYBER/OneDrive/Faculdade/5_Semestre/Usabilidade%20e%20Interacao/DepositoBiel/src/ClientesDAO.java</file>
        </group>
    </open-files>
</project-private>
